posicion,aptitud,deficit_cobertura,horas_extra,insatisfaccion,violaciones_legales
1,0.062997,49,28,12,0
2,0.062997,49,28,12,0
3,0.062997,49,28,12,0
4,0.062997,49,28,12,0
5,0.062997,49,28,12,0
6,0.062997,49,28,12,0
7,0.062997,49,28,12,0
8,0.062997,49,28,12,0
9,0.062997,49,28,12,0
10,0.062997,49,28,12,0
